{
    "n_layers": 2,
    "n_units": 86,
    "learning_rate": 0.007093953898614021,
    "batch_size": 128,
    "dropout_rate": 0.0032211949390085776,
    "recurrent_dropout": 0.0015901870786613446
}