{"n_estimators": 796, "max_depth": 11, "learning_rate": 0.024205293444793757, "subsample": 0.6831347128006492, "colsample_bytree": 0.780326720648167, "gamma": 4.317047795815814, "reg_alpha": 0.03931462611889183, "reg_lambda": 1.2531778436339511e-05}