{"n_estimators": 795, "max_depth": 10, "learning_rate": 0.03991073870358992, "subsample": 0.5316841410128434, "colsample_bytree": 0.9929364057606554, "gamma": 2.205379126880258, "reg_alpha": 0.0008782499163372207, "reg_lambda": 0.3845831442773582}