{"n_estimators": 796, "max_depth": 11, "learning_rate": 0.02934884304145195, "subsample": 0.838130898223476, "colsample_bytree": 0.8365126051630948, "gamma": 4.0544170767605285, "reg_alpha": 0.00327121544035401, "reg_lambda": 2.8238454801058847e-05}