{"n_estimators": 530, "max_depth": 11, "learning_rate": 0.03865471143393451, "subsample": 0.8490317298897396, "colsample_bytree": 0.9423818675083777, "gamma": 0.01001395947658068, "reg_alpha": 0.03630448412980768, "reg_lambda": 0.00021153995291775483}