{"n_estimators": 903, "max_depth": 11, "learning_rate": 0.03656165114224702, "subsample": 0.6481135258293005, "colsample_bytree": 0.8862184643254234, "gamma": 4.184142223837582, "reg_alpha": 3.284591745773934e-07, "reg_lambda": 0.0013632370525865727}