{"n_estimators": 863, "max_depth": 10, "learning_rate": 0.030677452403903266, "subsample": 0.797995186736069, "colsample_bytree": 0.8701690028468041, "gamma": 2.4682859834136512, "reg_alpha": 1.4914112631537445e-08, "reg_lambda": 1.0220875090627141e-08}