{
    "n_layers": 2,
    "n_units": 74,
    "learning_rate": 0.0018769537721924296,
    "batch_size": 64,
    "dropout_rate": 0.05048853031199127,
    "recurrent_dropout": 0.24195631085464747
}