{
    "n_layers": 1,
    "n_units": 101,
    "learning_rate": 0.007855006841037245,
    "batch_size": 128,
    "dropout_rate": 0.022536062886622965,
    "recurrent_dropout": 0.04608669814338367
}