{
    "n_layers": 2,
    "n_units": 125,
    "learning_rate": 0.002149878943458312,
    "batch_size": 256,
    "dropout_rate": 0.07863541576886279,
    "recurrent_dropout": 0.36005476235837836
}